{
      "1":[
         18.079200983047485,
         35.00712776184082,
         50.05162215232849,
         65.14781165122986,
         80.12393379211426,
         95.09124398231506,
         110.13199806213379,
         125.20643401145935,
         140.29815196990967,
         155.23514914512634
      ],
      "2":[
         20.03698992729187,
         35.01277422904968,
         50.16923189163208,
         65.01839995384216,
         80.09054803848267,
         95.13510084152222,
         110.12941098213196,
         125.20255279541016,
         140.16336393356323,
         155.23462200164795
      ],
      "3":[
         20.0359148979187,
         35.07692813873291,
         50.17451095581055,
         65.07906603813171,
         80.12660598754883,
         95.15028405189514,
         110.15014386177063,
         125.19995379447937,
         140.28412699699402,
         155.24180102348328
      ],
      "4":[
         20.158788204193115,
         35.0462760925293,
         50.174583196640015,
         65.0663731098175,
         80.21072697639465,
         95.2598009109497,
         110.10287189483643,
         125.25513195991516,
         140.10912489891052,
         155.12961506843567
      ],
      "5":[
         20.054968118667603,
         35.093562841415405,
         50.004478931427,
         65.09595489501953,
         80.0816650390625,
         95.03156805038452,
         110.15667510032654,
         125.0452401638031,
         140.08531093597412,
         155.1451177597046
      ],
    "6":[
       15.832055807113647,
       35.13318705558777,
       50.07137680053711,
       65.00841403007507,
       80.21800231933594,
       95.11278295516968,
       110.1306471824646,
       125.17356705665588,
       180.54323601722717,
       155.3021161556244
    ],
      "7":[
         20.08561897277832,
         35.11962914466858,
         50.101802110672,
         65.14303588867188,
         80.12701892852783,
         95.19974684715271,
         110.24176478385925,
         125.35903120040894,
         140.167720079422,
         155.17882084846497
      ],
      "8":[
         19.928189039230347,
         35.12909913063049,
         50.01705598831177,
         65.04065823554993,
         80.02272486686707,
         95.11548495292664,
         110.08722829818726,
         125.0019850730896,
         140.20753622055054,
         155.09086799621582
      ],
      "9":[
         19.99309802055359,
         34.99240326881409,
         50.0909059047699,
         65.07770609855652,
         80.04919385910034,
         95.16735410690308,
         110.13154101371765,
         125.18565392494202,
         140.1608910560608,
         155.0870337486267
      ],
      "10":[
         20.038517951965332,
         35.112831115722656,
         50.02243995666504,
         65.06711864471436,
         80.01462507247925,
         95.17976927757263,
         110.05542492866516,
         125.05576586723328,
         140.11289477348328,
         155.11669206619263
      ]
 }